{
    "app-id": "io.gitlab.jstest_gtk.jstest_gtk_nightly",
    "runtime": "org.gnome.Platform",
    "runtime-version": "3.28",
    "sdk": "org.gnome.Sdk",
    "rename-icon": "jstest-gtk",
    "rename-desktop-file": "jstest-gtk.desktop",
    "rename-appdata-file": "jstest-gtk.appdata.xml",
    "finish-args": [
        "--device=all",
        "--share=ipc",
        "--socket=x11",
        "--socket=wayland",
        "--socket=session-bus"
    ],
    "modules": [
        "shared-modules/gtkmm/libsigc++-2.10.0.json",
        "shared-modules/gtkmm/glibmm-2.56.0.json",
        "shared-modules/gtkmm/cairomm-1.12.0.json",
        "shared-modules/gtkmm/pangomm-2.40.1.json",
        "shared-modules/gtkmm/atkmm-2.24.2.json",
        "shared-modules/gtkmm/gtkmm-3.22.2.json",
        {
            "name": "jstest-gtk",
            "buildsystem": "cmake-ninja",
            "config-opts": [
                "-DCMAKE_BUILD_TYPE=Release",
                "-DCMAKE_INSTALL_PREFIX:PATH=/app"
            ],
            "sources": [
                {
                    "type": "git",
                    "url": "https://gitlab.com/jstest-gtk/jstest-gtk.git",
                    "branch": "master"
                }
            ]
        }
    ]
}
